product_name,store_name,rating,comment_count,sold,average_price_per_sold
MÃ¡y Ä‘o ná»“ng Ä‘á»™ Oxi trong mÃ¡u SpO2 Báº£o hÃ nh chÃ­nh hÃ£ng CONTEC,Unknown,0.0,0,0,0.0
"Báº¿p Tá»« ÄÆ¡n TARAWA HÃ ng Nháº­t Báº£n Cao Cáº¥p, CÃ´ng Suáº¥t Lá»›n,TÃ­ch Há»£p Nhiá»u Cháº¿ Äá»™, MÃ n HÃ¬nh Cáº£m á»¨ng SiÃªu Nháº¡y BT04",CLEVER MART VN,5.0,143,597,618.0904522613065
vr KÃ­nh Ma Thuáº­t Qianfanma Má»›i 3d Thá»±c Táº¿ áº¢o TrÃ² ChÆ¡i Äiá»‡n áº¢nh ar KÃ­nh ThÃ´ng Minh Táº¥t Cáº£ Trong Má»™t Cho Äiá»‡n Thoáº¡i Di Äá»™ng,Unknown,0.0,0,0,0.0
"Philips Hue Bridge V2 tÃ¡ch láº» Kit - KhÃ´ng há»™p, báº£o hÃ nh 2 nÄƒm - HÃ ng ChÃ­nh HÃ£ng",Unknown,0.0,0,14,85000.0
"(Loáº¡i 1 báº¿p dÃ y BH 3 nÄƒm )Báº¿p Ä‘iá»‡n Ä‘Æ¡n 1000w . báº¿p tá»« hÆ¡ lÃ¡ tráº§u cho bÃ© 1000w(Báº¢O HÃ€NG 3 NÄ‚M) , báº¿p náº¥u Äƒn Ä‘a nÄƒng tiá»‡n lá»£i cho nhÃ  báº¿p,náº¥u láº«u ,canh,xÃ o vv...",Unknown,0.0,0,400,249.715
Äá»“ng há»“ thÃ´ng minh Samsung Galaxy Watch 46mm GPS/LTE (esim),Unknown,0.0,0,52,27884.615384615383
Bno080 AR VR IMU chÃ­n trá»¥c 9dof ahrs MÃ´-Ä‘un cáº£m biáº¿n 9 TRá»¤C Ä‘á»™ chÃ­nh xÃ¡c cao gia tá»‘c káº¿ Con quay há»“i chuyá»ƒn tá»« káº¿ thá»±c táº¿ áº£o 3D máº¡ch Ä‘iá»‡n cÃ¡c bá»™ pháº­n,ds4wegrshfdgr,0.0,0,0,0.0
"KÃ­nh VR TrÃ² ChÆ¡i UGP, Thá»±c Táº¿ áº¢o 3 D Ar 3 D Máº¯t Láº­p Thá»ƒ V R Xá»­ LÃ½ Há»™p Báº¡n GÃ¡i Trong NhÃ ",Unknown,,0,0,0.0
MÃ¡y Äo Oxy Xung Äáº§u NgÃ³n Tay Di Äá»™ng MÃ¡y Äo Äá»™ BÃ£o HÃ²a Oxy Trong MÃ¡u Spo2 CÃ³ MÃ n HÃ¬nh Led KhÃ´ng Cáº§n Pin Äá»ƒ Theo DÃµi Y Táº¿,Unknown,0.0,0,20,1800.0
Báº¿p Tá»« Cáº£m á»¨ng SUNHOUSE tháº¿ há»‡ má»›i + táº·ng ná»“i,Unknown,0.0,0,35,9685.714285714286
"Philips Hue Philips 9 wÃ¡t E27 Hue mÃ u tráº¯ng vÃ  mÃ u sáº¯c tuyá»‡t vá»i LED bÃ³ng Ä‘Ã¨n thÃ´ng minh, Bluetooth & ZigBee tÆ°Æ¡ng thÃ­ch (mÃ u sáº¯c cáº§u tÃ¹y chá»n), lÃ m viá»‡c vá»›i Alexa & Google Assistant",Top Mall - HK,0.0,0,0,0.0
(HÃ ng ná»™i Ä‘á»‹a Äá»©c) MÃ¡y Ä‘o ná»“ng Ä‘á»™ oxy trong mÃ¡u SPO2 Jumper Pulse Oximeter JPD-500E,Unknown,0.0,0,49,5171.3877551020405
vr KÃ­nh Máº¯t 3d Há»™p Ba Chiá»u Ä‚n GÃ  Äiá»‡n Thoáº¡i Di Äá»™ng Thá»±c Táº¿ áº¢o ThÃ´ng Minh ar KÃ­nh Apple Android Phá»• ThÃ´ng,Unknown,0.0,0,0,0.0
MÃ¡y Ä‘o oxy cáº§m tay mini cáº§m tay ká»¹ thuáº­t sá»‘ Äáº§u ngÃ³n tay xung MÃ¡y kiá»ƒm tra Ä‘á»™ bÃ£o hÃ²a oxy trong mÃ¡u vá»›i mÃ n hÃ¬nh Oled Ä‘á»ƒ giÃ¡m sÃ¡t y táº¿,Unknown,0.0,0,311,514.4694533762058
ÄÃ¨n LED dÃ¢y Philips Hue Lightstrip Base Pack 2 mÃ©t 16 triá»‡u mÃ u vÃ  Nguá»“n - Äá»“ng bá»™ Ã¡nh sÃ¡ng vá»›i PC (cáº§n cÃ³ Bridge) - HÃ ng ChÃ­nh HÃ£ng - Báº£o HÃ nh 2 NÄƒm,Smart Homekit,4.9,20,84,22023.809523809523
(Duy nháº¥t ngÃ y 25-29.12)Báº¿p tá»« Ä‘Æ¡n Elmich ICE-9180,Unknown,0.0,0,0,0.0
LED dÃ¢y thÃ´ng minh 16 triá»‡u mÃ u Philips Hue Lightstrip Bluetooth bá»™ má»Ÿ rá»™ng 1m - Ä‘á»“ng bá»™ Ã¡nh sÃ¡ng theo nháº¡c vÃ  TV,VN33VZX8PG,0.0,0,0,0.0
"MÃ¡y Ä‘o ná»“ng Ä‘á»™ oxi trong mÃ¡u, mÃ¡y Ä‘o nhá»‹p tim, sáº£n pháº©m chÄƒm sÃ³c sá»©c khá»e quan trá»ng trong mÃ¹a dá»‹ch, mÃ¡y káº¹p ngÃ³n tay nhanh, gá»n, chÃ­nh xÃ¡c, theo dÃµi ná»“ng Ä‘á»™ oxy trong mÃ¡u",Unknown,0.0,0,17,8823.529411764706
[Wwud] new nreal air thÃ´ng minh ar kÃ­nh hd tÆ° nhÃ¢n khá»•ng lá»“ mÃ¡y tÃ­nh di Ä‘á»™ng mÃ n hÃ¬nh chiáº¿u xem kÃ­nh rÃ¢m Ã¢m nháº¡c trÃ² chÆ¡i Ä‘iá»‡n tá»­ cáº§m tay,Gueisag1,0.0,0,0,0.0
MÃ¡y Äo Ná»“ng Äá»™ Oxy Trong MÃ¡u VÃ  Nhá»‹p Tim Alvital AT101B,Unknown,0.0,0,0,0.0
2023vr KÃ­nh Thá»±c Táº¿ áº¢o Äeo Äáº§u 3D MÃ¡y TrÃ² ChÆ¡i Somatosensory Phim ar4D MÃ¡y ChÆ¡i Game Táº¥t Cáº£ Trong Má»™t,qiruobi,0.0,0,0,0.0
DÃ¢y LED 1 mÃ©t Philips Hue Lightstrip Base Pack vá»›i Bluetooth,HALULA,0.0,0,0,0.0
Ngshizandalacanyi 3D thÃ´ng minh thá»±c táº¿ áº£o toÃ n cáº£nh há»™p phim MÅ© báº£o hiá»ƒm AR trÃ² chÆ¡i KÃ­nh VR di Ä‘á»™ng VR,ngshizandalacanyi,0.0,0,0,0.0
BÃ³ng Ä‘Ã¨n thÃ´ng minh Philips Hue White A19 - Äiá»u chá»‰nh Ä‘á»™ sÃ¡ng há»— trá»£ Alexa Google Assistant,Unknown,0.0,0,0,0.0
PENGAGAR Samsung Galaxy Watch 6 Äá»“ng há»“ thÃ´ng minh theo dÃµi GPS dÃ nh cho nam giá»›i cÃ³ Amoled LuÃ´n hiá»ƒn thá»‹ nhá»‹p tim vÃ  huyáº¿t Ã¡p,Global Merch Park,5.0,25,134,3343.283582089552
vr KÃ­nh Ma Thuáº­t Qianfanma Má»›i 3d Thá»±c Táº¿ áº¢o TrÃ² ChÆ¡i Äiá»‡n áº¢nh ar KÃ­nh ThÃ´ng Minh Táº¥t Cáº£ Trong Má»™t Cho Äiá»‡n Thoáº¡i Di Äá»™ng,Unknown,0.0,0,0,0.0
"(LOáº I 1) MÃ¡y Äo Nhá»‹p Tim, Äo Ná»“ng Äá»™ Oxy Trong MÃ¡u SP02, ChiÌnh XaÌc, HiÃªÌ£u QuaÌ‰, MÃ n HÃ¬nh LED, CÃ³ Cáº£nh BÃ¡o - Dá»… Sá»­ Dá»¥ng - An ToÃ n",Unknown,0.0,0,178,331.46067415730334
ã€Special Offerã€‘ Rokid Accessories Lens For Rokid Air Rokid Max Ar Smartglasses,Unknown,,0,0,0.0
Báº¿p tá»« cáº£m á»©ng Sunhouse CS 2200W [ BH - 1 NÄ‚M] ==&gt; Táº·ng kÃ¨m ná»“i,Unknown,0.0,0,0,0.0
Bá»™ 3 BÃ³ng ÄÃ¨n Philips Hue White and Color Ambiance Starter Kit E27 Bluetooth | ÄÃ£ bao gá»“m Bridge - HÃ ng ChÃ­nh HÃ£ng - Báº£o hÃ nh 2 NÄƒm,Smart Homekit,4.9,8,21,166190.47619047618
mÃ¡y Ä‘o ná»“ng Ä‘á»™ oxy trong mÃ¡u s.po2. mÃ¡y theo giá»i oxy káº¹t Ä‘áº§u ngÃ³n tay,Unknown,0.0,0,0,0.0
"Báº¿p Tá»« Cáº£m á»¨ng Sunhous [ BH - 1 NÄ‚M] ==&gt; Cáº£m á»©ng nháº¡y, Náº¥u nhanh",Unknown,0.0,0,29,14310.344827586208
Äá»“ng Há»“ ThÃ´ng Minh Samsung Galaxy Watch 6 Classic Bluetooth Call Hd Amoled DÃ nh Cho Nam VÃ  Ná»¯ CÃ³ Nfc Gps Theo DÃµi Sá»©c Khá»e & Ã‚m Nháº¡c TÆ°Æ¡ng TÃ¡c,Unknown,0.0,0,0,0.0
Báº¿p tá»« Ä‘Æ¡n cáº£m á»©ng Sunhouse SHD6011,Unknown,0.0,0,60,4983.333333333333
Hot Vr Glasses Giant Screen Cinema Game Machine Virtual Reality Helmet 3D Three-Dimensional Helmet Ar Glasses Portable,Unknown,0.0,0,0,0.0
ï¼ˆVáº­t pháº©m Ä‘eo KKï¼‰ Há»c sinh thá»±c táº¿ áº£o KÃ­nh VR chÆ¡i trÃ² chÆ¡i RV KÃ­nh 4D MÅ© báº£o hiá»ƒm AR Ä‘iá»‡n thoáº¡i Android Ä‘iá»‡n thoáº¡i thÃ´ng minh 3D,yudanye771749,0.0,0,0,0.0
"Cho xreal khÃ´ng khÃ­ thÃ´ng minh AR phá»¥ kiá»‡n kÃ­nh miáº¿ng Ä‘á»‡m pháº§n mÅ©i, kÃ­nh máº¯t mui xe, CÃ¡p dá»¯ liá»‡u 1.2m, gá»ng kÃ­nh cáº­n thá»‹",Unknown,,0,12,22271.83333333333
Äá»“ng há»“ thÃ´ng minh Samsung 6 Galaxy Bluetooth Quay sá»‘ cuá»™c gá»i Theo dÃµi sá»©c khá»e thá»ƒ thao vá»›i nhá»‹p tim & huyáº¿t Ã¡p cho nam vÃ  ná»¯,Unknown,0.0,0,22,8500.0
Bá»™ 3 BÃ³ng ÄÃ¨n Philips Hue White and Color Ambiance Starter Kit E27 Bluetooth | ÄÃ£ bao gá»“m Bridge - HÃ ng ChÃ­nh HÃ£ng - Báº£o hÃ nh 2 NÄƒm,Unknown,0.0,0,21,166190.47619047618
ã€HÃ ng cÃ³ sáºµnã€‘ AR VR Imu Bno080 Bno085 Ahrs MÃ´-Ä‘un cáº£m biáº¿n phÃ¡t triá»ƒn thá»±c táº¿ áº£o,Electr stores,0.0,0,0,0.0
MÃ¡y Ä‘o ná»“ng Ä‘á»™ oxy trong mÃ¡u SpO2 Jumper JPD - 500D mÃ n hÃ¬nh OLED - Báº£o hÃ nh 24 thÃ¡ng,Unknown,0.0,0,0,0.0
AR VR IMU bno080 bno085 ahrs MÃ´-Ä‘un cáº£m biáº¿n cho phÃ¡t triá»ƒn thá»±c táº¿ áº£o,Unknown,0.0,0,0,0.0
"BÃ³ng Ä‘Ã¨n thÃ´ng minh Philips Hue White Ambiance E27 8.5W phiÃªn báº£n cÃ³ Bluetooth, Ã¡nh sÃ¡ng tráº¯ng sang vÃ ng",VN33VZX8PG,,0,0,0.0
Ngshizandalacanyi VR sinh viÃªn thá»±c táº¿ áº£o chÆ¡i trÃ² chÆ¡i RV kÃ­nh mÅ© báº£o hiá»ƒm 4D AR Ä‘iá»‡n thoáº¡i di Ä‘á»™ng 3D Ä‘iá»‡n thoáº¡i thÃ´ng minh VR di Ä‘á»™ng,ngshizandalacanyi,0.0,0,0,0.0
Bá»™ 2 BÃ³ng ÄÃ¨n ThÃ´ng Minh Philips HUE White Ambiance 8.5W A60 E27 VN,HALULA,0.0,0,0,0.0
"Báº¿p tá»« Ä‘Æ¡n ná»™i Ä‘á»‹a Nháº­t Ä‘iá»‡n 100V, cÃ´ng nghá»‡ inverter tiáº¿t kiá»‡m Ä‘iá»‡n, tiÃªu chuáº©n cháº¥t lÆ°á»£ng Nháº­t Báº£n, báº¿p Ä‘iá»‡n tá»«, báº¿p láº©u...",ÄÄƒng KhÃ´i Shop JP,5.0,3,8,36625.0
KÃ­nh VR sinh viÃªn thá»±c táº¿ áº£o chÆ¡i trÃ² chÆ¡i RV kÃ­nh mÅ© báº£o hiá»ƒm 4D AR Android Ä‘iá»‡n thoáº¡i di Ä‘á»™ng 3D Ä‘iá»‡n thoáº¡i thÃ´ng minh qingyuanshangmao,qingyuanshangmao,0.0,0,0,0.0
Cho Samsung 7 siÃªu GPS NFC La bÃ n Ä‘á»“ng há»“ thÃ´ng minh thá»ƒ thao ngoÃ i trá»i ngÆ°á»i Ä‘Ã n Ã´ng AMOLED BT cuá»™c gá»i IP68 Galaxy 6 nÃ¢ng cáº¥p Smartwatch smartwatches,Unknown,0.0,0,0,0.0
Äá»“ng Há»“ ThÃ´ng Minh TÆ°Æ¡ng ThÃ­ch Samsung Galaxy Watch 7 DÃ nh Cho Nam Theo DÃµi Sá»©c Khá»e Äiá»u Khiá»ƒn NFC GPS 44mm BT Call - Theo DÃµi Sá»©c Khá»e VÃ  Thá»ƒ Thao,Unknown,,0,7,80142.85714285714
Äá»“ng há»“ trÃ²n thÃ´ng minh Samsung Galaxy Watch Ultra 2 dÃ nh cho nam Theo dÃµi nhá»‹p tim & huyáº¿t Ã¡p DÃ¢y thÃ©p khÃ´ng gá»‰,Unknown,0.0,0,16,35375.0
Äá»“ng Há»“ ThÃ´ng Minh Cá»• Äiá»ƒn Samsung Galaxy Watch 6 Cuá»™c Gá»i Bluetooth HD AMOLED NFC GPS Thá»ƒ Thao DÃ nh Cho Nam Ná»¯ 2024 Máº«u Má»›i,Unknown,0.0,0,20,20880.0
PENGAGAR Samsung Galaxy Watch 6 Äá»“ng há»“ thÃ´ng minh theo dÃµi GPS dÃ nh cho nam giá»›i cÃ³ Amoled LuÃ´n hiá»ƒn thá»‹ nhá»‹p tim vÃ  huyáº¿t Ã¡p,Global Merch Park,5.0,25,134,3343.283582089552
BÃ¡n cháº¡y KÃ­nh thá»±c táº¿ áº£o 3D tai nghe 3D há»™p kÃ­nh VR pháº§n cá»©ng AR VR cho Ä‘iá»‡n thoáº¡i thÃ´ng minh Android IOS 4.7 '-6.0',Unknown,0.0,0,0,0.0
Flagship VR KÃ­nh Táº¥t Cáº£ Trong Má»™t 3D Máº¯t KÃ­nh vr Táº¥t Cáº£ Trong Má»™t ToÃ n Cáº£nh Äiá»‡n Thoáº¡i Di Äá»™ng Thá»±c Táº¿ áº¢o SiÃªu VÅ© Trá»¥ ar,Unknown,0.0,0,0,0.0
Äá»“ng há»“ thÃ´ng minh Samsung Galaxy Watch 42mm LTE (esim),Unknown,0.0,0,56,18750.0
Báº¿p Tá»« Cáº£m á»¨ng PL-02s kÃ¨m ná»“i [ BH 1 NÄ‚M] ==&gt; Thiáº¿t káº¿ má»›i - Náº¥u Nhanh - AN TOÃ€N,Unknown,0.0,0,0,0.0
Bá»™ LED dÃ¢y Philips Hue 2m cÆ¡ báº£n,ÄÃ¨n Philips chÃ­nh hÃ£ng,5.0,2,10,190480.0
[Má»ªNG NOEL GIáº¢M Sá»C] Báº¿p Ä‘iá»‡n tá»« SUNHOUSE cáº£m á»©ng SHD6803 - CÃ´ng suáº¥t 2000W - KÃ­nh cÆ°á»ng lá»±c siÃªu bá»n - 8 cháº¿ Ä‘á»™ náº¥u Ä‘a dáº¡ng - Báº£o hÃ nh chÃ­nh hÃ£ng 12 thÃ¡ng,Unknown,0.0,0,67,14179.10447761194
2023UGP ChÆ¡i MÃ¡y ChÆ¡i Game VR KÃ­nh Ba d áº¢o ar Thá»±c Táº¿ 3d Máº¯t Ba Chiá»u â…´r Tay Cáº§m MÃ n HÃ¬nh Lá»›n Báº¡n GÃ¡i,gudizhaniuajsd,0.0,0,0,0.0
ChiBear Samsung Galaxy Watch 6 Äá»“ng há»“ thÃ´ng minh cá»• Ä‘iá»ƒn dÃ nh cho nam Cuá»™c gá»i Bluetooth HD AMOLED NFC GPS Bá»™ nhá»› cuá»™c gá»i báº±ng giá»ng nÃ³i thá»ƒ thao Theo dÃµi sá»©c khá»e,Global Merch Park,0.0,0,0,0.0
Cháº¥t lÆ°á»£ng cao 3D VR KÃ­nh thá»±c táº¿ áº£o TrÃ² chÆ¡i tai nghe 4K 3D VR / AR kÃ­nh/thiáº¿t bá»‹,Ives Rosa,0.0,0,0,0.0
Tay game Thá»±c Táº¿ áº¢o 4D AR Hanle VarPark-A9,Office,0.0,0,0,0.0
Bá»™ kit Philips Hue WhileAmbiance,ÄÃ¨n Philips chÃ­nh hÃ£ng,0.0,0,0,0.0
MÃ¡y Äo Ná»“ng Äá»™ Oxy Trong MÃ¡u OXIMETER Cao Cáº¥p MÃ n HÃ¬nh OLED Äá»™ ChÃ­nh XÃ¡c 100%,Unknown,0.0,0,33,5136.363636363636
MÃ¡y Ä‘o ná»“ng Ä‘á»™ oxy trong mÃ¡u spo2 loáº¡i tá»‘t LK87,Unknown,0.0,0,423,120.59574468085108
ÄÃ¨n LED Ã¢m tráº§n Philips Hue Downlight Garnea White Ambiance 7W/10.5W - HÃ ng ChÃ­nh HÃ£ng - Báº£o HÃ nh 2 NÄƒm,Unknown,0.0,0,17,52941.17647058824
Äá»“ng Há»“ ThÃ´ng Minh Nam Samsung Galaxy Watch 7 Ultra GPS Kiá»ƒm SoÃ¡t NFC Theo DÃµi Sá»©c Khá»e Cuá»™c Gá»i BT MÃ n HÃ¬nh AMOLED Theo DÃµi Sá»©c Khá»e Chá»‘ng NÆ°á»›c,GlobalLifestyle,0.0,0,27,15437.037037037036
VR KÃ­nh NgÃ n áº¢o áº¢nh GÆ°Æ¡ng Ä‚n Vua GÃ  MÃ¡y ChÆ¡i Game ar Kiá»ƒu MÅ© Báº£o Hiá»ƒm 3D Máº¯t 4D Táº¥t Cáº£ Trong Má»™t Äiá»‡n Thoáº¡i Di Äá»™ng ThÃ´ng Dá»¥ng,Unknown,0.0,0,0,0.0
Hot Magic Mirror 9 Generation Vr Glasses Mobile Phone Dedicated Virtual Reality Ar Mirror 3D Head-Mounted Helmet Theater Inligence,Unknown,0.0,0,0,0.0
Bá»™ 3 ÄÃ¨n ThÃ´ng Minh (+Táº¶NG ÄÃˆN BÃ€N) Philips HUE White Color Ambiance 9W A60 E27 VN,HALULA,0.0,0,0,0.0
Silicone báº£o vá»‡ bÃ¬a chá»‘ng xÆ°á»›c chá»‘ng bá»¥i tai nghe VR vá» báº£o vá»‡ cho Quest 3 VR/AR kÃ­nh phá»¥ kiá»‡n chÆ¡i game,Unknown,,0,0,0.0
Äá»“ng Há»“ ThÃ´ng Minh Samsung Galaxy Watch 6 Classic 2024 Bluetooth Call HD AMOLED DÃ nh Cho Nam VÃ  Ná»¯ Äá»“ng Há»“ Thá»ƒ Thao NFC GPS CÃ³ Cuá»™c Gá»i Báº±ng Giá»ng NÃ³i,Unknown,0.0,0,172,2679.0697674418607
MÃ¡y Ä‘o ná»“ng Ä‘á»™ oxy trong mÃ¡u SPO2 Jumper 500E,Unknown,0.0,0,7,42857.142857142855
Báº¿p tá»« Ä‘Æ¡n Hayasa HA-680 Slim,NGUYá»„N KIM,0.0,0,0,0.0
Má»›i áº£o KÃ­nh 2G 16G VR táº¥t cáº£ trong má»™t AR kÃ­nh vá»›i MÃ n hÃ¬nh HD 2K 3D 2560x1440 trÃ² chÆ¡i Bluetooth Wifi OTG,Unknown,0.0,0,0,0.0
"Báº¿p tá»«,báº¿p há»“ng ngoáº¡i thanh lÃ½",Unknown,0.0,0,15,9266.666666666666
Tay game Thá»±c Táº¿ áº¢o 4D AR Hanle VarPark-A8,Mua CÃ¹ng Mua,0.0,0,0,0.0
Äá»“ng Há»“ ThÃ´ng Minh Samsung Galaxy Watch 7 Ultra MÃ n HÃ¬nh AMOLED La BÃ n GPS NFC Thá»ƒ Thao NgoÃ i Trá»i BT Gá»i Há»— Trá»£ NgÃ´n Ngá»¯ HÃ n Quá»‘c DÃ nh Cho Nam,Unknown,0.0,0,0,0.0
BÃ³ng Ä‘Ã¨n thÃ´ng minh Philips Hue White and Color Ambiance E27 Bluetooth 9W 16 triá»‡u mÃ u - HÃ ng ChÃ­nh HÃ£ng,Smart Homekit,5.0,2,20,59500.0
Báº¿p tá»« cáº£m á»©ng Sunhouse CS 2200W [ BH - 1 NÄ‚M] ==&gt; Táº·ng kÃ¨m ná»“i,Unknown,0.0,0,0,0.0
"Báº¿p tá»« Ä‘Æ¡n ná»™i Ä‘á»‹a Nháº­t Ä‘iá»‡n 100V, cÃ´ng nghá»‡ inverter tiáº¿t kiá»‡m Ä‘iá»‡n, tiÃªu chuáº©n cháº¥t lÆ°á»£ng Nháº­t Báº£n, báº¿p Ä‘iá»‡n tá»«, báº¿p láº©u...",Unknown,0.0,0,8,36625.0
Philips Hue Bridge full box báº£o hÃ nh 2 NÄƒm,VN33VZX8PG,5.0,1,0,0.0
"Äá»“ng há»“ thÃ´ng minh Samsung Galaxy Watch Ultra Nfc Gps dÃ nh cho nam MÃ n hÃ¬nh AMOLED 1.43"" vá»›i nhá»‹p tim & theo dÃµi huyáº¿t Ã¡p MÃ n hÃ¬nh cáº£m á»©ng Bluetooth 5.3 Ip68 Chá»‘ng nÆ°á»›c KhÃ´ng theo dÃµi Gps",Unknown,0.0,0,0,0.0
[ChÃ­nh HÃ£ng] 2 ÄÃ¨n LED H1 Ultinon Essential Gen2 Philips UE Gen2 Báº£o HÃ nh 01 NÄƒm - PTOUT,Unknown,0.0,0,0,0.0
"Báº¿p tá»« Xianke 2200W lÃ  loáº¡i báº¿p tá»« cÃ³ 8 cháº¿ Ä‘á»™ náº¥u vÃ  háº¹n giá» náº¥u, cÃ³ kháº£ nÄƒng táº¡o ra Ä‘Ã¡m chÃ¡y lá»›n vÃ  Ä‘áº£m báº£o an toÃ n.",CML MALL,4.7,14,27,7407.407407407408
[ Há»a tá»‘c HN - HCM ] Báº¿p tá»« Xiaomi Youth Lite DCL002CM/ Ná»“i báº¿p tá»« Xiaomi - Báº¿p láº©u nhá» gá»n - Báº¿p Ä‘iá»‡n gia Ä‘Ã¬nh,Unknown,0.0,0,476,703.781512605042
ChiBear Samsung Galaxy Watch 6 Äá»“ng há»“ thÃ´ng minh cá»• Ä‘iá»ƒn dÃ nh cho nam Cuá»™c gá»i Bluetooth HD AMOLED NFC GPS Bá»™ nhá»› cuá»™c gá»i báº±ng giá»ng nÃ³i thá»ƒ thao Theo dÃµi sá»©c khá»e,Global Merch Park,0.0,0,0,0.0
MÃ¡y Ä‘o ná»“ng Ä‘á»™ oxy trong mÃ¡u spo2 loáº¡i tá»‘t LK87 - KU0011 - PhuKien Shop9x,Unknown,0.0,0,0,0.0
Báº¿p Tá»« Tá»‘i giáº£n Tháº¿ Há»‡ Má»›i - Thiáº¿t Káº¿ Sang Trá»ng - CÃ´ng Nghá»‡ TiÃªn Tiáº¿n - CÃ´ng Suáº¥t Lá»›n 2200W - MS Vietnam,Unknown,0.0,0,70,5285.714285714285
Äá»“ng há»“ thÃ´ng minh Samsung Galaxy Watch 6 Pro cÃ³ cuá»™c gá»i khÃ´ng dÃ¢y Bt Theo dÃµi sá»©c khá»e thá»ƒ thao DÃ¢y thÃ©p khÃ´ng gá»‰ MÃ n hÃ¬nh trÃ²n AMOLED Äo nhá»‹p tim & huyáº¿t Ã¡p,Unknown,0.0,0,0,0.0
MÃ¡y Ä‘o ná»“ng Ä‘á»™ oxy trong mÃ¡u SPO2 Jumper 500D 500e,Unknown,0.0,0,9,20000.0
Samsung Galaxy Watch 6 Äá»“ng há»“ thÃ´ng minh cá»• Ä‘iá»ƒn dÃ nh cho nam MÃ n hÃ¬nh Ips trÃ²n AMOLED HD vá»›i Gps Nfc Cuá»™c gá»i Bluetooth Theo dÃµi sá»©c khá»e chá»‘ng nÆ°á»›c,Unknown,0.0,0,0,0.0
2023UGP Tháº¿ Giá»›i Cá»§a TÃ´i VR Thá»±c Táº¿ áº¢o TrÃ² ChÆ¡i KÃ­nh 3d ChÆ¡i ar Äiá»‡n Thoáº¡i Di Äá»™ng ChuyÃªn Dá»¥ng NhÃ¬n KÃ¬a. vip Ráº¡p Chiáº¿u Phim â…´r,Unknown,0.0,0,0,0.0
Äá»“ng Há»“ ThÃ´ng Minh Samsung Galaxy Watch 7 Ultra AMOLED NFC GPS La BÃ n IP68 Cuá»™c Gá»i Bluetooth Chá»‘ng NÆ°á»›c Thá»ƒ Thao DÃ nh Cho Nam Ná»¯ 2024,Unknown,0.0,0,15,42666.66666666666
"Ngshizandalacanyi kÃ­nh VR, Ä‘iá»‡n thoáº¡i di Ä‘á»™ng cá»¥ thá»ƒ Ä‘áº§u gáº¯n thá»±c táº¿ áº£o, phim 3D, trÃ² chÆ¡i cáº£m nháº­n chuyá»ƒn Ä‘á»™ng, AR máº¯t thÃ´ng minh di Ä‘á»™ng VR",ngshizandalacanyi,0.0,0,0,0.0
Báº¿p tá»« cáº£m á»©ng Sunhouse SHD6011,Unknown,0.0,0,0,0.0
Tay game Thá»±c Táº¿ áº¢o 4D AR Hanle VarPark-A8,Hiáº¿u NghÄ©a,0.0,0,0,0.0
Combo 4 bÃ³ng Ä‘Ã¨n thÃ´ng minh Philips Hue White and Color Ambiance E27 (tÃ¡ch kit - new 100%) - Báº£o hÃ nh 2 NÄƒm,Unknown,0.0,0,5,712000.0
Ngshizandalacanyi VR áº£o cháº¥t lau kÃ­nh BÃºt á»‘ng kÃ­nh tai nghe bluetooth Kit AR dá»¥ng cá»¥ vá»‡ sinh di Ä‘á»™ng VR,ngshizandalacanyi,0.0,0,0,0.0
3D thÃ´ng minh thá»±c táº¿ áº£o toÃ n cáº£nh há»™p phim MÅ© báº£o hiá»ƒm AR trÃ² chÆ¡i KÃ­nh VR anggezhuangsh z,angGeZhuangSh,0.0,0,0,0.0
"[SALE GIÃ Tá»T] MÃY ÄO Ná»’NG Äá»˜ OXY TRONG MÃU SPO2 Káº¾T Há»¢P Vá»šI ÄO NHá»ŠP TIM Cáº¦M TAY, GIÃ SIÃŠU Tá»T, HÃ€NG Báº¢O HÃ€NH CHÃNH HÃƒNG",Unknown,0.0,0,5,15000.0
"Báº¿p tá»« Sunhouse Cáº£m á»¨ng Cao Cáº¥p, CÃ´ng Suáº¥t 2200W, Máº·t KÃ­nh Chá»‹u Lá»±c",Unknown,0.0,0,0,0.0
Bá»™ ba Ä‘Ã¨n thÃ´ng minh Philips Hue White and Color Ambiance - Starter Kit 3 bÃ³ng E27 vÃ  Bridge,Unknown,0.0,0,0,0.0
Báº¿p tá»« cáº£m á»©ng Sunhouse SHD6011,Unknown,0.0,0,0,0.0
ÄÃ¨n thÃ´ng minh Philips Hue Play Light Bar 16 triá»‡u mÃ u (Tráº£i nghiá»‡m cÃ´ng nghá»‡ Ã¡nh sÃ¡ng hoÃ n háº£o),ÄÃ¨n Philips chÃ­nh hÃ£ng,0.0,0,0,0.0
Samsung Galaxy Watch 6 Äá»“ng há»“ thÃ´ng minh cá»• Ä‘iá»ƒn dÃ nh cho nam MÃ n hÃ¬nh Ips trÃ²n AMOLED HD vá»›i Gps Nfc Cuá»™c gá»i Bluetooth Theo dÃµi sá»©c khá»e chá»‘ng nÆ°á»›c,Global Merch Park,0.0,0,0,0.0
1 Bá»™ Oculus quest2 Tai nghe Oculus Quest 2 VR AR thiáº¿t bá»‹ vÃ  phá»¥ kiá»‡n Meta quest2 phá»¥ kiá»‡n Elite VR VR/AR phá»¥ kiá»‡n kÃ­nh,Unknown,,0,0,0.0
Ngshizandalacanyi 3V 5V mini siÃªu nhá» AR truyá»n thÃ´ng trá»±c tuyáº¿n Navigator kÃ­nh thÃ´ng minh VR táº¥t cáº£ trong má»™t mÃ¡y táº£n nhiá»‡t PWM quáº¡t khÃ´ng á»“n di Ä‘á»™ng VR,ngshizandalacanyi,0.0,0,0,0.0
Äá»“ng Há»“ ThÃ´ng Minh Samsung Galaxy Watch 7 Ultra MÃ n HÃ¬nh AMOLED La BÃ n GPS NFC Thá»ƒ Thao NgoÃ i Trá»i BT Gá»i Há»— Trá»£ NgÃ´n Ngá»¯ HÃ n Quá»‘c DÃ nh Cho Nam,GlobalSuperBazaar,0.0,0,0,0.0
VR KÃ­nh Thá»±c Táº¿ áº¢o 3D TrÃ² ChÆ¡i Äiá»‡n Thoáº¡i ThÃ´ng Minh rv ÄÃ´i Máº¯t 4d Kiá»ƒu Äeo Äáº§u Táº¥t Cáº£ Trong Má»™t ar GÆ°Æ¡ng Ma Thuáº­t NghÃ¬n áº¢o áº¢nh 2023,Unknown,0.0,0,0,0.0
"[Miá»…n phÃ­ váº­n chuyá»ƒn] Xu áº£o thuáº­t gia cÃ³ tá»« tÃ­nh 2,6cm hÃ ng chuáº©n dÃ nh cho ATG chuyÃªn nghiá»‡p (kÃ¨m hÆ°á»›ng dáº«n)",AOTHUATNTP,0.0,0,0,0.0
Äá»“ng há»“ Ä‘eo tay thÃ´ng minh Samsung Galaxy Watch FE 2024,Unknown,0.0,0,625,7984.0
"Báº¿p tá»« Ä‘Æ¡n báº±ng cÆ¡ LEBENLANG LBL5507 máº·t kÃ­nh chá»‹u lá»±c, cÃ³ chá»©c nÄƒng háº¹n giá», Ä‘iá»u chá»‰nh nhiá»‡t Ä‘á»™, cÃ´ng suáº¥t 2000W - hÃ ng chÃ­nh hÃ£ng",Unknown,0.0,0,41,21926.829268292684
"MÃ¡y Ä‘o ná»“ng Ä‘á»™ oxy trong mÃ¡u vÃ  Ä‘o nhá»‹p tim, Ä‘o káº¹p ngÃ³n tay mÃ n hÃ¬nh ká»¹ thuáº­t sá»‘ - LK87",Unknown,0.0,0,106,556.6037735849056
Bá»™ 2 BÃ³ng ÄÃ¨n thÃ´ng minh Philips Hue White Ambiance Starter Kit E27 kÃ¨m Bridge vÃ  Dimmer - HÃ ng ChÃ­nh HÃ£ng - Báº£o HÃ nh 2 NÄƒm,VN33VZX8PG,0.0,0,0,0.0
Äá»“ng há»“ thÃ´ng minh Samsung Galaxy Watch Ultra Gps Trá»£ lÃ½ giá»ng nÃ³i Theo dÃµi sá»©c khá»e cuá»™c gá»i vá»›i nhá»‹p tim & theo dÃµi huyáº¿t Ã¡p MÃ n hÃ¬nh AMOLED luÃ´n báº­t Äá»™ phÃ¢n giáº£i 466x466 Ram 256mb,Global Merch Park,0.0,0,0,0.0
[ GIÃ SIÃŠU Tá»T ] Báº¿p tá»« Ä‘Æ¡n SAST cÃ´ng suáº¥t cao 2200W báº¿p tá»« - CÃ´ng suáº¥t 2200w(Báº£o hÃ nh 1 Ä‘á»•i 1 trong 12 thÃ¡ng),BQ_SHOP 68,0.0,0,0,0.0
"[ HÃ ng ChÃ­nh HÃ£ng - Báº£o HÃ nh 2 NÄƒm] Äá»“ng Há»“ ThÃ´ng Minh Samsung Galaxy Watch 4 Classic, Sáº¡c KhÃ´ng DÃ¢y, Thay HÃ¬nh Ná»n, Nghe Gá»i, NhÃ¢n ThÃ´ng BÃ¡o, Pin Khá»§ng, Chá»‘ng NÆ°á»›c 5ATM, Theo DÃµi Sá»©c Khá»e, Bluetooth 5.0, TÆ°Æ¡ng ThÃ­ch Vá»›i Má»i Thiáº¿t Bá»‹.",You Little Shop,5.0,26,37,22972.972972972973
Bá»™ kit Philips Hue 16 triá»‡u mÃ u,ÄÃ¨n Philips chÃ­nh hÃ£ng,5.0,1,0,0.0
(Duy nháº¥t ngÃ y 25-29.12)Báº¿p Ä‘iá»‡n tá»« Elmich ICE-1828OL,Unknown,0.0,0,14,71357.14285714286
"KÃ­nh VR TrÃ² ChÆ¡i Äa NÄƒng UGP Äiá»‡n Thoáº¡i Di Äá»™ng MÃ n HÃ¬nh Ráº¡p Chiáº¿u Phim Apple Ar Thá»±c Táº¿ áº¢o 3 D, VIP Äáº·c Biá»‡t",Unknown,,0,0,0.0
Äá»“ng há»“ thÃ´ng minh Samsung Galaxy Watch 6 2024 Äá»“ng há»“ thÃ´ng minh trÃ²n AMOLED dÃ nh cho nam Äá»“ng há»“ thÃ´ng minh theo dÃµi Gps cÃ³ nhá»‹p tim & theo dÃµi huyáº¿t Ã¡p MÃ n hÃ¬nh cáº£m á»©ng Bluetooth 5.3,Global Merch Park,5.0,4,18,8766.666666666666
Tay Game Thá»±c Táº¿ áº¢o 4D AR Hanle (PhiÃªn báº£n Tiáº¿ng Anh) + KÃ­nh phÃ³ng to,Mua CÃ¹ng Mua,,0,0,0.0
[ ÄIá»†U ANH GIÃ Tá»T ] Báº¿p tá»« Ä‘Æ¡n SAST cÃ´ng suáº¥t cao 2200W báº¿p tá»« - CÃ´ng suáº¥t 2200w(Báº£o hÃ nh 1 Ä‘á»•i 1 trong 12 thÃ¡ng),Unknown,0.0,0,6,32000.0
Äá»“ng há»“ thÃ´ng minh Samsung Galaxy Watch 6 2024 Äá»“ng há»“ thÃ´ng minh trÃ²n AMOLED dÃ nh cho nam Äá»“ng há»“ thÃ´ng minh theo dÃµi Gps cÃ³ nhá»‹p tim & theo dÃµi huyáº¿t Ã¡p MÃ n hÃ¬nh cáº£m á»©ng Bluetooth 5.3,Unknown,0.0,0,18,8766.666666666666
"[GIáº¢M GIÃ] Báº¿p Tá»« Há»“ng Ngoáº¡i ChÃ­nh HÃ£ng TATAMI CÃ´ng Suáº¥t 3500W, Báº¿p Há»“ng Ngoáº¡i KhÃ´ng KÃ©n Ná»“i Sá»­ Dá»¥ng Tiáº¿t Kiá»‡m Äiá»‡n, Báº£o HÃ nh 12 ThÃ¡ng",Unknown,0.0,0,0,0.0
Bá»™ LED dÃ¢y Philips Hue 2m cÆ¡ báº£n,Unknown,0.0,0,10,190480.0
5plus Ä‘iá»‡n thoáº¡i di Ä‘á»™ng KÃ­nh tai nghe VR 3D AR cáº£nh thá»±c táº¿ áº£o anggezhuangsh z,angGeZhuangSh,0.0,0,0,0.0
"MÃ¡y Ä‘o ná»“ng Ä‘á»™ oxy trong mÃ¡u vÃ  Ä‘o nhá»‹p tim (SPO2), Ä‘o trÃªn ngÃ³n tay LK87",Unknown,0.0,0,0,0.0
"Báº¿p tá»« Ä‘Æ¡n TARAWA, 8 cháº¿ Ä‘á»™ náº¥u thÃ´ng minh,2200W báº¿p tá»« mÃ n hÃ¬nh cáº£m á»©ng siÃªu nháº¡y",Unknown,0.0,0,16,17625.0
"Oxiwizard MÃ¡y Ä‘o ná»“ng Ä‘á»™ Ã´xy dá»±a trÃªn máº¡ch Ä‘áº­p, máº¡ch Ä‘áº­p á»Ÿ ngÃ³n tay MÃ¡y Ä‘o ná»“ng Ä‘á»™ Ã´xy dá»±a trÃªn máº¡ch Ä‘áº­p vÃ  mÃ n hÃ¬nh OLED, MÃ¡y Ä‘o ná»“ng Ä‘á»™ Ã´xy dá»±a trÃªn máº¡ch Ä‘áº­p ngÃ³n tay, chÃ­nh xÃ¡c nhanh SP02 Ä‘á»c mÃ¡y Ä‘o ná»“ng Ä‘á»™ oxy, mÃ¡y theo dÃµi nhá»‹p tim cho ngÆ°á»i lá»›n tráº»",Unknown,0.0,0,0,0.0
Äá»“ng Há»“ ThÃ´ng Minh Samsung Galaxy Watch Ultra Theo DÃµi Gps Amoled LuÃ´n Hiá»ƒn Thá»‹ Theo DÃµi Nhiá»‡t Äá»™ CÆ¡ Thá»ƒ Kháº£ NÄƒng Gá»i Bluetooth DÃ nh Cho Nam Giá»›i,Global Merch Park,0.0,1,10,68000.0
2023vr KÃ­nh VÃ  Äiá»‡n Thoáº¡i Di Äá»™ng 3d Phim ChÆ¡i TrÃ² ChÆ¡i Thá»±c Táº¿ áº¢o 4d Ráº¡p Chiáº¿u Phim RiÃªng Somatosensory ar Táº¥t Cáº£ Trong Má»™t,Unknown,,0,0,0.0
Philips Hue Lightstrip 1 Meter Base Pack with Bluetooth â€“ Flexible LED Strip for Smart Lighting,HALULA EL,0.0,0,0,0.0
Äá»“ng Há»“ ThÃ´ng Minh Samsung Galaxy 2024 Cuá»™c Gá»i Bluetooth Má»›i Äá»“ng Há»“ ThÃ´ng Minh Thá»ƒ Thao Chá»‘ng NÆ°á»›c DÃ nh Cho Nam Giá»›i Phá»¥ Ná»¯ CÃ³ Huyáº¿t Ãp Theo DÃµi Oxy Trong MÃ¡u,GlobalLifestyle,0.0,0,42,3383.333333333333
"MÃ¡y Äo Ná»“ng Äá»™ Oxy Trong mÃ¡u, Äo Nhá»‹p Tim Táº·ng KÃ¨m 2 Pin AAA Toshiba",Unknown,0.0,0,26,6923.076923076923
"[ HÃ ng ChÃ­nh HÃ£ng - Báº£o HÃ nh 2 NÄƒm] Äá»“ng Há»“ ThÃ´ng Minh Samsung Galaxy Watch 4 Classic, Sáº¡c KhÃ´ng DÃ¢y, Thay HÃ¬nh Ná»n, Nghe Gá»i, NhÃ¢n ThÃ´ng BÃ¡o, Pin Khá»§ng, Chá»‘ng NÆ°á»›c 5ATM, Theo DÃµi Sá»©c Khá»e, Bluetooth 5.0, TÆ°Æ¡ng ThÃ­ch Vá»›i Má»i Thiáº¿t Bá»‹.",You Little Shop,5.0,26,37,22972.972972972973
"Hanshen VR,AR Thiáº¿t Bá»‹ Phá»¥ Kiá»‡n PC VR MÃ u Äá» Má»›i MÃ u Xanh 3D KÃ­nh khung Ä‘en Cho kÃ­ch thÆ°á»›c mÃ u ná»•i TV Movie DVD TrÃ² ChÆ¡i Äiá»‡n Thoáº¡i Di Äá»™ng VR",Unknown,,0,0,0.0
"(Loáº¡i 1 báº¿p dÃ y BH 3 nÄƒm )Báº¿p Ä‘iá»‡n Ä‘Æ¡n 1000w . báº¿p tá»« hÆ¡ lÃ¡ tráº§u cho bÃ© 1000w(Báº¢O HÃ€NG 3 NÄ‚M) , báº¿p náº¥u Äƒn Ä‘a nÄƒng tiá»‡n lá»£i cho nhÃ  báº¿p,náº¥u láº«u ,canh,xÃ o vv...",FAST STORE HCM,4.8,98,400,249.715
Tay game Thá»±c Táº¿ áº¢o 4D AR Hanle VarPark-A9,Unknown,0.0,0,0,0.0
Bá»™ Starter Kit bÃ³ng Ä‘Ã¨n thÃ´ng minh Philips Hue 16 triá»‡u mÃ u,Business - Insider,,0,0,0.0
DÃ¢y LED Philips Hue Lightstrip Bluetooth bá»™ cÆ¡ báº£n 2m - Ä‘á»“ng bá»™ Ã¡nh sÃ¡ng theo nháº¡c vÃ  TV (cáº§n cÃ³ Hue Bridge),VN33VZX8PG,5.0,1,9,204444.44444444444
MÃ¡y Äo Ná»“ng Äá»™ Oxy Trong MÃ¡u SPO2,Unknown,0.0,0,0,0.0
"MÃ¡y Äo Ná»“ng Äá»™ Oxy Trong MÃ¡u SPO2, Chá»‰ Sá»‘ PI, Nhá»‹p Tim, ChÄƒm SÃ³c Sá»©c Khá»e, Káº¿t Quáº£ Nhanh ChÃ­nh xÃ¡c, KÃ­ch ThÆ°á»›c nhá» Gá»n",Unknown,0.0,0,0,0.0
Bá»™ 3 BÃ³ng ÄÃ¨n thÃ´ng minh 16 triá»‡u mÃ u Philips Hue White and Color Ambiance Starter Kit E27 gá»“m Bridge,VN33VZX8PG,0.0,0,0,0.0
2024 Samsung Galaxy Watch 6 MÃ n hÃ¬nh HD trÃ²n thÃ´ng minh cá»• Ä‘iá»ƒn cÃ³ Gps Cuá»™c gá»i Bluetooth Theo dÃµi sá»©c khá»e chá»‘ng nÆ°á»›c,Unknown,0.0,0,0,0.0
Samsung Galaxy Watch FE 40mm Bluetooth ChÃ­nh HÃ£ng,Unknown,0.0,0,9,265555.5555555556
BÃ³ng Ä‘Ã¨n thÃ´ng minh Philips Hue White Ambiance Bluetooth 8.5W E27 Ãnh sÃ¡ng vÃ ng - tráº¯ng HÃ ng ChÃ­nh HÃ£ng - Smart HomeKit,Unknown,0.0,0,15,51333.333333333336
MÃ¡y Ä‘o ná»“ng Ä‘á»™ oxy trong mÃ¡u Ä‘o spo2 nhá»‹p tim káº¹p ngÃ³n tay ká»¹ thuáº­t sá»‘ mÃ n hÃ¬nh sÃ¡ng to rÃµ rÃ ng MÃ¡y Äo Nhá»‹p Tim Cáº§m Tay LK87,Unknown,0.0,0,18,3510.9444444444443
New Pico 4 VR AR kÃ­nh tÃ­ch há»£p hine tÃºi lÆ°u trá»¯ xÃ¡ch tay thÃ´ng minh thá»±c táº¿ áº£o anggezhuangsh,Unknown,0.0,0,0,0.0
Äá»“ng Há»“ ThÃ´ng Minh Samsung Galaxy AMOLED Theo DÃµi Sá»©c Khá»e Cuá»™c Gá»i Bluetooth Chá»‘ng NÆ°á»›c Trá»£ LÃ½ Giá»ng NÃ³i Theo DÃµi Sá»©c Khá»e Cho Nam VÃ  Ná»¯,Unknown,0.0,0,341,598.2404692082112
For PS VR2 Glasses Silicone Protective Cap for PSVR2 Dust-Proof Protective Cover VR/AR Glasses Accessories,Unknown,0.0,0,0,0.0
Philips Hue Brigde khÃ´ng há»™p - má»›i 100% báº£o hÃ nh 2 nÄƒm- HÃ ng chÃ­nh hÃ£ng,Unknown,0.0,0,0,0.0
MÃ¡y Äo Oxy Xung Äáº§u NgÃ³n Tay Cáº§m Tay MÃ¡y Äo Äá»™ BÃ£o HÃ²a Oxy Trong MÃ¡u MÃ n HÃ¬nh Led MÃ¡y Kiá»ƒm Tra Sá»©c Khá»e Spo2,Unknown,0.0,0,31,1516.1290322580646
Tay game Thá»±c Táº¿ áº¢o 4D AR Hanle VarPark-A9,Hiáº¿u NghÄ©a,0.0,0,0,0.0
Báº¿p tá»« chÃ­nh hÃ£ng THÃI LAN - BESUTO[ Báº¢O HÃ€NH TOÃ€N QUá»C 1 NÄ‚M] + KÃ¨m ná»“i inox dÃ y,THIáº¾T Bá»Š GIA Dá»¤NG VIá»†T,5.0,16,50,9800.0
[ChÃ­nh HÃ£ng] MÃ¡y Äo Ná»“ng Äá»™ Oxi Trong MÃ¡u Spo2 - Káº¹p NgÃ³n Tay Äo Ná»“ng Äá»™ Oxi VÃ  Nhá»‹p Tim,Unknown,0.0,0,0,0.0
Bá»™ 2 Ä‘Ã¨n thÃ´ng minh Philips Hue Play Bar Double Pack - Äá»“ng bá»™ Ã¡nh sÃ¡ng vá»›i PC TV (cáº§n cÃ³ Hue Bridge),Smart Homekit,,7,31,99677.41935483873
Bá»™ kit Philips Hue 16 triá»‡u mÃ u,Unknown,0.0,0,0,0.0
Äá»“ chÆ¡i game thá»±c táº¿ áº£o AR cho Ä‘iá»‡n thoáº¡i android vÃ  ios G1/T4,Unknown,0.0,0,0,0.0
Äá»“ng Há»“ ThÃ´ng Minh GPS Má»›i Cá»§a Samsung Galaxy Watch GT1 DÃ nh Cho Nam MÃ n HÃ¬nh AMOLED Nhiá»‡t Äá»™ CÆ¡ Thá»ƒ Theo DÃµi Nhá»‹p Tim BT Talk TÆ°Æ¡ng ThÃ­ch Vá»›i Android iOS,GlobalLifestyle,0.0,0,58,3137.9310344827586
"[BÃN CHáº Y] Báº¿p Tá»« Báº¿p Há»“ng Ngoáº¡i TATAMI Äa NÄƒng 3500W Máº·t KÃ­nh Cáº£m á»¨ng Chá»‹u Lá»±c CÃ³ Chá»©c NÄƒng Háº¹n Giá», Báº£o HÃ nh 12 ThÃ¡ng",Kho Gia Dá»¥ng ARTNEXTECH,5.0,1,5,73880.0
"[GIáº¢M GIÃ] Báº¿p Tá»« Há»“ng Ngoáº¡i ChÃ­nh HÃ£ng TATAMI CÃ´ng Suáº¥t 3500W, Báº¿p Há»“ng Ngoáº¡i KhÃ´ng KÃ©n Ná»“i Sá»­ Dá»¥ng Tiáº¿t Kiá»‡m Äiá»‡n, Báº£o HÃ nh 12 ThÃ¡ng",Unknown,0.0,0,0,0.0
[Má»ªNG NOEL GIáº¢M Sá»C] Báº¿p Ä‘iá»‡n tá»« SUNHOUSE cáº£m á»©ng SHD6803 - CÃ´ng suáº¥t 2000W - KÃ­nh cÆ°á»ng lá»±c siÃªu bá»n - 8 cháº¿ Ä‘á»™ náº¥u Ä‘a dáº¡ng - Báº£o hÃ nh chÃ­nh hÃ£ng 12 thÃ¡ng,Sunhouse,,1744,67,14179.10447761194
"Báº¿p tá»« Ä‘Æ¡n TARAWA, 8 cháº¿ Ä‘á»™ náº¥u thÃ´ng minh,2200W báº¿p tá»« mÃ n hÃ¬nh cáº£m á»©ng siÃªu nháº¡y",CML MALL,4.8,65,150,1900.0
Äá»“ng há»“ thÃ´ng minh Samsung Galaxy Watch Ultra 3 Gps Amoled LuÃ´n hiá»ƒn thá»‹ theo dÃµi nhá»‹p tim vÃ  huyáº¿t Ã¡p Theo dÃµi nhiá»‡t Ä‘á»™ cÆ¡ thá»ƒ vá»›i nháº¯c nhá»Ÿ cuá»™c gá»i & tin nháº¯n Theo dÃµi sá»©c khá»e & giáº¥c ngá»§ KhÃ´ng cÃ³ Gps cho nam vÃ  ná»¯,Global Merch Park,0.0,0,0,0.0
"Báº¿p Tá»« ÄÆ¡n - Báº¿p Äiá»‡n Tá»« Máº·t LÃµm CÃ´ng Suáº¥t 3500W, Tiáº¿t Kiá»‡m Äiá»‡n CÃ³ Háº¹n Giá» An ToÃ n Dá»… Sá»­ Dá»¥ng (Báº£o HÃ nh)",Unknown,0.0,0,316,1180.379746835443
Giao nhanh 2H - MÃ¡y Ä‘o ná»“ng Ä‘á»™ oxy trong mÃ¡u Ä‘o spo2 káº¹p ngÃ³n tay ká»¹ thuáº­t sá»‘ hiá»‡n sá»‘ rÃµ dá»… sá»­ dá»¥ng LK87 LK88,Unknown,0.0,0,486,228.39506172839504
"Báº¿p Tá»« ÄÆ¡n TARAWA HÃ ng Nháº­t Báº£n Cao Cáº¥p, CÃ´ng Suáº¥t Lá»›n,TÃ­ch Há»£p Nhiá»u Cháº¿ Äá»™, MÃ n HÃ¬nh Cáº£m á»¨ng SiÃªu Nháº¡y BT04",CLEVER MART VN,5.0,143,597,618.0904522613065
SiÃªu má»ng há»— trá»£ cáº­n thá»‹ 0-700 Ä‘á»™ tiÃªu cá»± Ä‘iá»u chá»‰nh á»‘ng kÃ­nh quang há»c 3D thá»±c táº¿ áº£o mÃ n hÃ¬nh khá»•ng lá»“ phim VR KÃ­nh,Unknown,0.0,0,0,0.0
Philips Hue Bridge full box báº£o hÃ nh 2 NÄƒm,Unknown,0.0,0,0,0.0
[ ÄIá»†U ANH GIÃ Tá»T ] Báº¿p tá»« Ä‘Æ¡n SAST cÃ´ng suáº¥t cao 2200W báº¿p tá»« - CÃ´ng suáº¥t 2200w(Báº£o hÃ nh 1 Ä‘á»•i 1 trong 12 thÃ¡ng),DIá»†U ANH GIÃ Tá»T,0.0,0,6,32000.0
2024 Samsung Galaxy Watch 6 MÃ n hÃ¬nh HD trÃ²n thÃ´ng minh cá»• Ä‘iá»ƒn cÃ³ Gps Cuá»™c gá»i Bluetooth Theo dÃµi sá»©c khá»e chá»‘ng nÆ°á»›c,Global Merch Park,5.0,1,0,0.0
Bá»™ kit Ä‘Ã¨n led Philips Hue WhileAmbiance,Trang TrÃ­ Ná»™i Tháº¥t Äáº¡i Lá»™c,0.0,0,0,0.0
Äá»“ng Há»“ ThÃ´ng Minh Samsung Galaxy Watch 7 MÃ n HÃ¬nh AMOLED NFC La BÃ n GPS Theo DÃµi Sá»©c Khá»e Thá»ƒ Thao Cho Nam VÃ  Ná»¯ Há»— Trá»£ Cuá»™c Gá»i BT,Unknown,0.0,0,0,0.0
ÄÃ¨n LED dÃ¢y Philips Hue Lightstrip Base Pack 2 mÃ©t 16 triá»‡u mÃ u vÃ  Nguá»“n - Äá»“ng bá»™ Ã¡nh sÃ¡ng vá»›i PC (cáº§n cÃ³ Bridge) - HÃ ng ChÃ­nh HÃ£ng - Báº£o HÃ nh 2 NÄƒm,Smart Homekit,4.9,20,84,22023.809523809523
Báº¿p tá»« Xiaomi Mijia DCL002CM Youth Lite Version 2 Ná»“i láº©u dÃ¹ng cho báº¿p tá»« Xiaomi Mija Zhiwuzhu - Minh TÃ­n Shop,Unknown,0.0,0,59,6237.28813559322
Äiá»‡n thoáº¡i di Ä‘á»™ng tÆ°Æ¡ng thÃ­ch bluetooth AR tÃ´i SÃºng Ä‘á»“ chÆ¡i Ä‘iá»u khiá»ƒn dÃ¹ng cÃ´ng nghá»‡ thá»±c táº¿ áº£o cáº£m biáº¿n mepad,Unknown,,0,0,0.0
"MÃ¡y Ä‘o ná»“ng Ä‘á»™ oxy trong mÃ¡u, mÃ¡y Ä‘o nhá»‹p tim, Ä‘o káº¹p ngÃ³n tay cáº£m biáº¿n tÃ­ch há»£p mÃ n hÃ¬nh led - LK87",Unknown,0.0,0,0,0.0
Báº¿p Tá»« Cáº£m á»¨ng PHILIIPL-02s kÃ¨m ná»“i [ BH 1 NÄ‚M] ==&gt; Thiáº¿t káº¿ má»›i - Náº¥u Nhanh - AN TOÃ€N báº£o hÃ nh 12 thÃ¡ng,Unknown,0.0,0,0,0.0
Chigoo Báº¿p tá»« Ä‘Æ¡n 2200W Báº¿p Ä‘iá»‡n tá»« nÃºm xoay Ä‘iá»u chá»‰nh Ä‘iá»u chá»‰nh 9 má»©c nhiá»‡,Unknown,0.0,0,95,4666.863157894737
"Tai Nghe AR, KÃ­nh AR ThÃ´ng Minh, KÃ­nh Tai Nghe VR Thá»±c Táº¿ TÄƒng CÆ°á»ng Video 3D DÃ nh Cho & Video 3D VÃ  TrÃ² ChÆ¡i",jiOHEISO,0.0,0,0,0.0
Samsung Galaxy Watch 7 2024 TrÃ¬nh theo dÃµi Gps trÃ²n thÃ´ng minh vá»›i kháº£ nÄƒng theo dÃµi nhá»‹p tim vÃ  huyáº¿t Ã¡p MÃ n hÃ¬nh HD AMOLED 360 * 360 Ä‘á»ƒ theo dÃµi thá»ƒ thao vÃ  thá»ƒ hÃ¬nh,Unknown,0.0,0,0,0.0
ã€Shop the Latest Trendsã€‘ New Nreal Air Smart Ar Glasses Hd Private Giant Mobile Computer Projection Screen Viewing Portable Game Video Music Sunglasses,Unknown,,0,0,0.0
MÃ¡y Äo Ná»“ng Äá»™ Oxy SpO2 CHIDO B1 MÃ¡y Äo Nhá»‹p Tim Oxy Trong MÃ¡.u Káº¹p NgÃ³n Tay Äo Äá»™ BÃ£o HÃ²a Oxy PI Äo Nhá»‹p Tim HÃ´ Háº¥p,Chido official store,5.0,8,40,7475.0
MÃ¡y Äo Ná»“ng Äá»™ Oxy Trong MÃ¡u & Nhá»‹p Tim iMediCare iOM-A6,Unknown,0.0,0,0,0.0
Äá»“ng Há»“ ThÃ´ng Minh Nam Samsung Galaxy Watch 7 Ultra GPS Kiá»ƒm SoÃ¡t NFC Theo DÃµi Sá»©c Khá»e Cuá»™c Gá»i BT MÃ n HÃ¬nh AMOLED Theo DÃµi Sá»©c Khá»e Chá»‘ng NÆ°á»›c,GlobalLifestyle,0.0,0,27,15437.037037037036
BÃ³ng Ä‘Ã¨n Philips 16 triá»‡u mÃ u Hue WhiteAmbiance (01 bÃ³ng),Unknown,0.0,0,18,52255.55555555556
AR VR IMU bno080 bno085 ahrs MÃ´-Ä‘un cáº£m biáº¿n cho phÃ¡t triá»ƒn thá»±c táº¿ áº£o,3C-J,0.0,0,0,0.0
"AR-X VR KÃ­nh thá»±c táº¿ áº£o 3D kÃ­nh HD IMAX trÃ² chÆ¡i tÃ´ng VR Tai nghe cho 4.7-6.3 ""Ä‘iá»‡n thoáº¡i thÃ´ng minh cÃ³ thá»ƒ gáº­p láº¡i tÄƒng cÆ°á»ng VR MÅ© báº£o hiá»ƒm",Unknown,0.0,0,0,0.0
AR VR IMU bno080 bno085 ahrs MÃ´-Ä‘un cáº£m biáº¿n cho phÃ¡t triá»ƒn thá»±c táº¿ áº£o,SZ 3C Electronics,0.0,0,0,0.0
ğŸ’–Báº£n gá»‘c + Miá»…n phÃ­ váº­n chuyá»ƒn + cÃ¡ tuyáº¿tğŸ’–S8 retro mÃ¡y chÆ¡i game console cáº§m tay 520 trÃ² chÆ¡i tráº¡m Ã¡nh sÃ¡ng di Ä‘á»™ng å¤å¤å„¿ç«¥æ¸¸æˆæœºæŒæœº,Unknown,0.0,0,16,11062.5
BÃ³ng Ä‘Ã¨n thÃ´ng minh Philips Hue White Ambiance Bluetooth 8.5W E27 Ãnh sÃ¡ng vÃ ng - tráº¯ng HÃ ng ChÃ­nh HÃ£ng - Smart HomeKit,Smart Homekit,5.0,3,15,51333.333333333336
Elecom VR Bluetooth Ä‘iá»u khiá»ƒn tá»« xa cho VR/AR ná»Ÿ SDK JC-VRR02VBK Äen,Unknown,0.0,0,0,0.0
Bá»™ LED dÃ¢y Philips Hue 2m cÆ¡ báº£n,Trang TrÃ­ Ná»™i Tháº¥t Äáº¡i Lá»™c,0.0,0,0,0.0
báº¿p tá»« suhou chá»‰ sunhouse 220k,Unknown,0.0,0,0,0.0
"Philips Hue Play Bar Color Ambiance Double Pack - 2 thanh Ä‘Ã¨n thÃ´ng minh 16 triá»‡u mÃ u, Ä‘á»“ng bá»™ vá»›i Hue Sync - HÃ ng ChÃ­nh HÃ£ng - Báº£o hÃ nh 2 NÄƒm",Unknown,0.0,0,0,0.0
"[GIáº¢M GIÃ] Báº¿p Tá»« Há»“ng Ngoáº¡i ChÃ­nh HÃ£ng TATAMI CÃ´ng Suáº¥t 3500W, Báº¿p Há»“ng Ngoáº¡i KhÃ´ng KÃ©n Ná»“i Sá»­ Dá»¥ng Tiáº¿t Kiá»‡m Äiá»‡n, Báº£o HÃ nh 12 ThÃ¡ng",Kho Gia Dá»¥ng ARTNEXTECH,0.0,0,0,0.0
Báº¿p tá»« Ä‘Æ¡n Sunhouse SHD6156MT,NGUYá»„N KIM,0.0,0,0,0.0
vr KÃ­nh Ma Thuáº­t Qianfanma Má»›i 3d Thá»±c Táº¿ áº¢o TrÃ² ChÆ¡i Äiá»‡n áº¢nh ar KÃ­nh ThÃ´ng Minh Táº¥t Cáº£ Trong Má»™t Cho Äiá»‡n Thoáº¡i Di Äá»™ng,Unknown,0.0,0,0,0.0
"MÃ¡y Äo SpO2, MÃ¡y Äo Ná»“ng Äá»™ Oxy Trong MÃ¡u VÃ  Äo Nhá»‹p Tim Pulse Oximeter LK87 â€“ LK88",Unknown,0.0,0,7,21285.714285714286
Äá»“ng Há»“ ThÃ´ng Minh Samsung Galaxy Watch 7 Ultra Nfc DÃ nh Cho Nam MÃ n HÃ¬nh Ips 1.46 '' La BÃ n Cuá»™c Gá»i Bluetooth Theo DÃµi Nhiá»‡t Äá»™ CÆ¡ Thá»ƒ,Unknown,0.0,0,0,0.0
"Báº¿p tá»« Cáº£m á»¨ng PL 02S + táº·ng ná»“i[ BH 1 NÄ‚M] ==&gt; Thiáº¿t káº¿ má»›i, Ä‘un sÃ´i nhanh - AN TOÃ€N",Unknown,0.0,0,397,753.1486146095718
Bá»™ Ä‘Ã¨n thÃ´ng minh Philips Hue White Ambiance 8.5W,Unknown,0.0,0,0,0.0
3D thá»±c táº¿ áº£o TrÃ² chÆ¡i há»™i trÆ°á»ng chÆ¡i 3D trÃ² chÆ¡i phim 2K hiá»ƒn thá»‹ VR AR Mr thiáº¿t bá»‹ táº¥t cáº£-trong-má»™t VR/ AR kÃ­nh/thiáº¿t bá»‹,jiuji5138munao,0.0,0,0,0.0
Ngshizandalacanyi Oculus Quest/quyá»n/Quest 2 VR táº¥t cáº£ trong má»™t mÃ¡y kÃ­nh hÃºt nam chÃ¢m khung cÃ³ thá»ƒ Ä‘Æ°á»£c káº¿t há»£p vá»›i á»‘ng kÃ­nh cáº­n thá»‹ di Ä‘á»™ng VR,ngshizandalacanyi,0.0,0,0,0.0
